chemical_name;cas_number;INCHIKEY;type;main_use;sub_use;MoA;method;detection_method;detection_limit;ESI_mode;M1;M2;M3;M4;M5;M6;F1;F2;F3
1-Benzylpiperazine;2759-28-6;IQXXEPZFOOTTBA-UHFFFAOYSA-N ;parent;pharmaceutical;recreational;serotonin reuptake transporter;Retro;LOQ;0,9;ESIpos;0;0;0;0;0;0;2;1,1;21,2
1-Butyl-3-methyl-imidazolium;79917-90-1;FHDQNOXQSTVAIC-UHFFFAOYSA-M;parent;industrial;fuels;unknown;MZQ;LOQ;0,1;ESIpos;0;0;0;0;0;0;0;0;47,891372
1-Cyclohexyl-3-phenylurea;886-59-9;WPLYTRWMCWBZEN-UHFFFAOYSA-N;parent;industrial;unknown;unknown;Retro;LOQ;1,1;ESIpos;0;0;0;0;0,8;0;6,9;0,9;4,7
1,3-Diphenylguanidine;102-06-7;OWRCNXZUPFZXOS-UHFFFAOYSA-N;parent;industrial;rubber additive;unknown;MZQ;LOQ;0,1;ESIpos;6,437;4,076;7,079;4,165;19,608;3,619;43,665;0;85,742
1,3-Diphenylurea;102-07-8;GWEHVDNNLFDJLR-UHFFFAOYSA-N;parent;industrial;unknown;unknown;Retro;LOQ;0,6;ESIpos;0;0,7;0;0,8;1,7;0;5,4;0;6,6
1,5-Naphthalenediamine;2243-62-1;KQSABULTKYLFEV-UHFFFAOYSA-N;parent;industrial;unknown;unknown;Retro;LOQ;0,3;ESIpos;8,4;4,8;7,3;3,9;3,4;4;1;0,5;11,8
10,11-Dihydro-10-hydroxycarbamazepine;29331-92-8;BMPDWHIDQYTSHX-UHFFFAOYSA-N;transformation product;pharmaceutical;epilepsy;neuroactive;MZQ;MDL;1;ESIpos;2,825694;2,003842;2,247186;1,731286;1,247921;1,724713;2,604788;1,800398;385,288061
1H-Benzotriazole;95-14-7;QRUDEWIWKLJBPS-UHFFFAOYSA-N;parent;industrial;corrosion inhibitor;unknown;MZQ;MDL;5;ESIpos;0;9,060172;15,061717;10,543649;11,755241;11,146296;269,340482;0;400,883342
2-(2-(2-Methoxyethoxy)ethoxy)ethanol;112-35-6;JLGLQAWTXXGVEM-UHFFFAOYSA-N;parent;industrial;solvent;unknown;Retro;LOQ;0,3;ESIpos;0;0;0;0;0;0;6,2;0;0
2-(2-Pyridyl)ethanol;103-74-2;BXGYBSJAZFGIPX-UHFFFAOYSA-N;transformation product;pharmaceutical;anti-vertigo;unknown;Retro;LOQ;1,1;ESIpos;37,4;28,8;32,8;23,3;18,5;19,2;32,5;12,9;137,8
2-(Diethylamino)-6-methylpyrimidin-4-one;42487-72-9;NQCPECCCWDWTJJ-UHFFFAOYSA-N;parent;industrial;unknown;unknown;Retro;LOQ;0,4;ESIpos;0;1,5;2;0;0;1,4;1,3;0,9;4,7
2-Amino-3-methyl-imidazo[4,5-f]quinoline (IQ);76180-96-6;ARZWATDYIYAUTA-UHFFFAOYSA-N;parent;industrial;food ingredient;unknown;MZQ;LOQ;0,1;ESIpos;0;0;0;0;0;0;0;0;0,084692
2-Amino-3,8-dimethylimidazo-[4,5-f]quinoxaline (MeIQx);77500-04-0;DVCCCQNKIYNAKB-UHFFFAOYSA-N;parent;industrial;food ingredient;unknown;MZQ;LOQ;0,1;ESIpos;0;0;0;0;0;0;0;0;4,524387
2-Aminobenzimidazole;934-32-7;JWYUFVNJZUSCSM-UHFFFAOYSA-N;transformation product;biocide;marine xenobiotic;mitosis inhibition;MZQ;MDL;1;ESIpos;0;0;0;0;0;0;0;0;32,068414
2-Benzothiazolesulfonic acid;941-57-1;ZCXGMSGCBDSEOY-UHFFFAOYSA-N;parent;industrial;rubber additive;unknown;Retro;MDL;2;ESIpos;6,5;5,3;6,1;4,1;10,7;4,2;48,7;5,5;143,2
2-Hydroxybenzothiazole;934-34-9;YEDUAINPPJYDJZ-UHFFFAOYSA-N;parent;industrial;rubber additive;unknown;MZQ;LOQ;0,1;ESIneg;0;0;0;0;36,961288;0;70,129619;0;0
2-Hydroxycarbamazepine;68011-66-5;VPZIYMMSJFWLSP-UHFFFAOYSA-N;transformation product;pharmaceutical;anticonvulsant;neuroactive;MZQ;MDL;1;ESIpos;0;0;0;0;0;0;0;0;140,566344
2-Hydroxycarbazole;86-79-3;GWPGDZPXOZATKL-UHFFFAOYSA-N;parent;industrial;unknown;unknown;Retro;LOQ;2,2;ESIpos;8,4;4,8;3,3;2,5;3,3;3,3;46;13,1;71,8
2-Hydroxyquinoline;59-31-4;LISFMEBWQUVKPJ-UHFFFAOYSA-N;transformation product;industrial;unknown;unknown;MZQ;LOQ;0,1;ESIpos;21,92316;19279,04394;8,170833;9,974531;5,016281;31,931754;0;0;1524,031535
2-Isopropyl-6-methyl-pyrimidin-4-ol;2814-20-2;AJPIUNPJBFBUKK-UHFFFAOYSA-N;transformation product;pesticide;insecticide;neuroactive;MZQ;MDL;1;ESIpos;0;0;2,040607;0;0;1,841518;0;0;0
2-Methylbenzothiazole;120-75-2;DXYYSGDWQCSKKO-UHFFFAOYSA-N;parent;industrial;unknown;unknown;MZQ;MDL;1;ESIpos;0;8,68138;0;0;11,133441;0;15,891958;0;19,13258
2-Naphthol-8-sulfonic acid;132-57-0;HUYJTJXLNBOVFO-UHFFFAOYSA-N;parent;industrial;dyes;unknown;MZQ;LOQ;0,2;ESIneg;0;0;0;0;0;0;2,708778;0;1,684499
2-Octyl-4-isothiazolin-3-one;26530-20-1;JPMIIZHYYWMHDT-UHFFFAOYSA-N;parent;pesticide;biocide;unknown;MZQ;MDL;1;ESIpos;0;2,781099;0;0;0;0;0;0;0
2,2,4-Trimethyl-1,3-pentanediol diisobutyrate;6846-50-0;OMVSWZDEEGIJJI-UHFFFAOYSA-N;parent;industrial;plasticiser;unknown;Retro;LOQ;5,1;ESIpos;7,8;0;0;5,7;5,8;0;0;0;0
2,4-Dichlorophenoxyacetic acid;94-75-7;OVSKIKFHRZPJSS-UHFFFAOYSA-N;parent;pesticide;herbicide;synthetic auxin;MZQ;MDL;1;ESIneg;0;0;0;0;0;0;0;0;5,102075
2,4-Dinitrophenol;51-28-5;UFBJCMHMOXMLKC-UHFFFAOYSA-N;parent;industrial;dyes;respiration inhibition;MZQ;MDL;2;ESIneg;253,934613;150,710905;305,446184;112,282984;153,956133;136,412661;414,21884;39,185637;0
3-Aminoacetophenone;1999-03-06;CKQHAYFOPRIUOM-UHFFFAOYSA-N;parent;industrial;synthesis;unknown;MZQ;LOQ;0,1;ESIpos;0;0;0;0;0;0;0;0;96,435303
3-Cyclohexyl-1,1-dimethylurea;31468-12-9;PZWXYRDNQYUIIU-UHFFFAOYSA-N;parent;industrial;unknown;unknown;Retro;LOQ;104;ESIpos;220;184,7;226,9;191,6;350,2;0;0;0;0
3,3'-Dimethylbenzidine;119-93-7;NUIURNJTPRWVAP-UHFFFAOYSA-N;parent;industrial;unknown;unknown;MZQ;LOQ;10;ESIpos;30,805418;21,827272;0;0;0;0;0;0;0
3,5,6-Trichloro-2-pyridinol;6515-38-4;WCYYAQFQZQEUEN-UHFFFAOYSA-N;transformation product;pesticide;insecticide;neuroactive;MZQ;MDL;1;ESIneg;0;0;0;0;0;0;0;0;6,238133
4-(Dimethylamino)pyridine;1122-58-3;VHYFNPMBLIVWCW-UHFFFAOYSA-N;parent;industrial;unknown;unknown;MZQ;MDL;5;ESIpos;0;0;0;0;0;0;0;0;33,311489
4-Aminoantipyrine;1983-07-08;RLFWWDJHLFCNIJ-UHFFFAOYSA-N;parent;pharmaceutical;antiinflammatory;cyclooxygenase inhibition ;MZQ;MDL;18;ESIpos;0;0;0;0;0;0;0;0;208,954849
4-Aminodiphenylamine;101-54-2;ATGUVEKSASEFFO-UHFFFAOYSA-N;parent;industrial;dyes;unknown;Retro;LOQ;10;ESIpos;3,4;1,9;1,7;1,9;1,5;1,7;1,8;1,3;37
4-Hydroxybenzotriazole;26725-51-9;JMTMSDXUXJISAY-UHFFFAOYSA-N;parent;industrial;corrosion inhibitor;unknown;MZQ;MDL;11;ESIpos;0;0;0;0;0;0;0;0;42,644925
4-Methylbenzylidene camphor;36861-47-9;VFTURGJPQCAITG-UHFFFAOYSA-N;parent;pharmaceutical;UV filter;cell and DNA protection;MZQ;MDL;2;ESIpos;0;0;0;0;0;0;3,938743;0;0
4-Nitrophenol;100-02-7;BTJIUGUIPKRLHP-UHFFFAOYSA-N;parent;industrial;dyes;respiration inhibition;MZQ;LOQ;0,2;ESIneg;0;0;0;0;0;0;92,638727;0;0
4,4'-Methylene-bis(2-methyl aniline);838-88-0;WECDUOXQLAIPQW-UHFFFAOYSA-N;parent;industrial;unknown;unknown;MZQ;LOQ;5;ESIpos;0;0;0;0;0;0;0;0;27,945529
4,4'-Methylenedianiline;101-77-9;YBRVSVVVWCFQMG-UHFFFAOYSA-N;parent;industrial;polyurethanes precursor;unknown;Retro;LOQ;0,3;ESIpos;0;0;0;2;0;1,3;0;0;4,9
4,4'-Thiodianiline;139-65-1;ICNFHJVPAJKPHW-UHFFFAOYSA-N;parent;industrial;unknown;unknown;MZQ;LOQ;50;ESIpos;0;0;0;0;70,806769;0;0;0;0
4'-Aminoacetanilide;122-80-5;CHMBIJAOCISYEW-UHFFFAOYSA-N;parent;industrial;dyes;unknown;MZQ;MDL;15;ESIpos;157,698063;98,870582;137,419528;103,194587;66,489685;87,797741;0;0;719,217601
5-Methyl-1H-benzotriazole;136-85-6;LRUDIIUSNGCQKF-UHFFFAOYSA-N;parent;industrial;corrosion inhibitor;unknown;MZQ;MDL;2;ESIpos;17,440727;12903,42776;13,695891;11,560275;50,964547;11,769957;150029,4219;13,363004;134715,4093
6-Propyl-2-thiouracil;51-52-5;KNAHARQHSZJURB-UHFFFAOYSA-N;parent;pharmaceutical;thyreostatic;unknown;MZQ;MDL;15;ESIpos;234,798711;0;0;0;0;0;0;0;289,242889
6,2-fluorotelomer sulfonic acid;27619-97-2;VIONGDJUYAYOPU-UHFFFAOYSA-N;parent;industrial;PFAS;unknown;MZQ;MDL;1;ESIneg;100,000511;101,526041;124,897539;0;63,935917;0;141,590952;87,277445;76,492746
7-(Ethylamino)-4-methylcoumarin;28821-18-3;OTNIKUTWXUODJZ-UHFFFAOYSA-N;parent;industrial;dyes;unknown;MZQ;LOQ;0,1;ESIpos;0;0;0;0;0;0;0;0;2,38707
7-Amino-4-methylcoumarin;26093-31-2;GLNDAGDHSLMOKX-UHFFFAOYSA-N;parent;industrial;dyes;unknown;MZQ;MDL;1;ESIpos;0;0;0;0;0;0;0;0;910,919989
Acetaminophen;103-90-2;RZVAJINKPMORJF-UHFFFAOYSA-N;parent;pharmaceutical;antiinflammatory;cyclooxygenase inhibition ;MZQ;MDL;18;ESIpos;48,858414;0;45,573748;27,223345;19,605472;31,229747;0;0;2331,728707
Acetamiprid;135410-20-7;WCXDHFDTOYPNIE-RIYZIHGNSA-N;parent;pesticide;insecticide;neuroactive;MZQ;MDL;1;ESIpos;0;0;0;0;0;0;0;0;56,035113
Acetyl-sulfamethoxazole;21312-10-7;GXPIUNZCALHVBA-UHFFFAOYSA-N;transformation product;pharmaceutical;antibiotic;folic acid biosynthesis inhibition;MZQ;MDL;1;ESIpos;0;1,228287;0;0;0;0;1,272888;0;2,605381
Acridone;578-95-0;FZEYVTFCMJSGMP-UHFFFAOYSA-N;parent;pharmaceutical;antibacterial;reduce telomerase activity;MZQ;LOQ;0,1;ESIpos;0;0;0;0;0;0;0;0;6,146949
Adiponitrile;111-69-3;BTGRAWJCKBQKAO-UHFFFAOYSA-N;parent;industrial;intermediate;unknown;Retro;LOQ;104,6;ESIpos;293,3;278,9;205,8;123,5;158,1;179,1;285,6;151;5266
Allethrin;584-79-2;ZCVAOQKBXKSDMS-UHFFFAOYSA-N;parent;pesticide;insecticide;neuroactive;MZQ;LOQ;0,1;ESIpos;0;0;0;0;0;0;31,364012;12,943302;15,169372
Allopurinol;315-30-0;OFCNXPDARWKPPY-UHFFFAOYSA-N;parent;pharmaceutical;chemotherapy;xanthine oxidase inhibitor;MZQ;LOQ;0,1;ESIpos;0;0;0;0;0;0;0;0;931,980599
Amantadine;768-94-5;DKNWSYNQZKUICI-UHFFFAOYSA-N;parent;pharmaceutical;dyskinesia;nucleic acid biosynthesis inhibition;MZQ;MDL;10;ESIpos;0;0;0;0;0;0;0;0;57,893458
Amcinonide;51022-69-6;ILKJAFIWWBXGDU-MOGDOJJUSA-N;parent;pharmaceutical;antiinflammatory;glucocorticoid receptor;MZQ;LOQ;0,1;ESIpos;0;0;3,194846;0;0;0;41,680975;7,998106;20,052157
Amidosulfobetaine-14;216667-08-2;UTSXERRKRAEDOV-UHFFFAOYSA-N;parent;industrial;surfactant;unknown;MZQ;MDL;1;ESIpos;0;0;0;0;0;0;2,867612;1,941083;1,714508
Amitriptyline;50-48-6;KRMDCWKBEZIMAB-UHFFFAOYSA-N;parent;pharmaceutical;antidepressant;neuroactive;MZQ;MDL;1;ESIpos;0;0;0;0;0;0;0;0;56,071575
Amphetamine;300-62-9;KWTSXDURSIMDCE-UHFFFAOYSA-N;parent;pharmaceutical;attention deficit hyperactivity disorder;neuroactive;Retro;LOQ;3,6;ESIpos;15,1;8,7;11,1;9,2;9,2;10,7;38,4;80,4;186,8
Anastrozole;120511-73-1;YBBLVLTVTVSKRW-UHFFFAOYSA-N;parent;pharmaceutical;breast cancer;endocrine disrupter;MZQ;MDL;1;ESIpos;0;0;0;0;0;0;0;0;7,036178
Atenolol;29122-68-7;METKIMKYRPQLGS-UHFFFAOYSA-N;parent;pharmaceutical;cardiovascular system;beta-1-adrenergic receptor antagonist;MZQ;MDL;1;ESIpos;2,73065;1,643067;2,492178;0;1,395973;1,773511;0;0;323,160682
Atorvastatin;134523-00-5;XUKUURHRXDUEBC-KAYWLYCHSA-N;parent;pharmaceutical;cardiovascular system;sterol biosynthesis inhibition;MZQ;MDL;5;ESIpos;0;0;12,552489;0;0;0;0;0;150,150681
Azelaic acid;123-99-9;BDJRBEYXGGNYIS-UHFFFAOYSA-N;parent;pharmaceutical;acne;unknown;Retro;LOQ;26,7;ESIpos;0;0;40,3;34,9;0;0;0;0;51,1
Azoxystrobin;131860-33-8;WFDXOXNFNRHQEC-GHRIWEEISA-N;parent;pesticide;fungicide;respiration inhibition;MZQ;MDL;1;ESIpos;0;0;0;0;0;0;0;1,369309;2,91458
Azoxystrobin acid;1185255-09-7;IKCXDZCEWZARFL-FOWTUZBSSA-N;transformation product;pesticide;fungicide;respiration inhibition;MZQ;LOQ;0,1;ESIneg;0;0;0;0;0;0;5,78413;0;0
Benzimidazole;51-17-2;HYZJCKYKOHLVJF-UHFFFAOYSA-N;parent;pharmaceutical;antifungal;sterol biosynthesis inhibition;Retro;LOQ;0,2;ESIpos;0;0;0;0;0;0;0,6;0;3,7
Benzocaine;1994-09-07;BLFLLBZGZJTVJG-UHFFFAOYSA-N;parent;pharmaceutical;anesthetic;ion channel modulation;MZQ;MDL;2;ESIpos;0;0;0;0;0;0;0;0;42,441837
Benzophenone-4;4065-45-6;CXVGEDCSTKKODG-UHFFFAOYSA-N;parent;pharmaceutical;UV filter;cell and DNA protection;MZQ;MDL;1;ESIpos;0;0;0;0;0;0;0;0;120,053182
Benzothiazole;95-16-9;IOJUPLGTWVMSFF-UHFFFAOYSA-N;parent;industrial;rubber additive;unknown;MZQ;MDL;25;ESIpos;0;0;0;0;0;0;543,427158;0;934,682967
Benzoylecgonine;519-09-5;GVGYEFKIHJTNQZ-RFQIPJPRSA-N;transformation product;pharmaceutical;recreational;neuroactive;Retro;LOQ;0,7;ESIpos;0,9;0,7;0,7;0,7;0,6;0,6;0,9;0,9;6,4
Betamethasone dipropionate;5593-20-4;CIWBQSYVNNPZIQ-XYWKZLDCSA-N;parent;pharmaceutical;skin condition;unknown;MZQ;LOQ;0,1;ESIpos;0;0;0;0;0;0;41,62136;9,285171;18,753207
Bicalutamide;90357-06-5;LKJPYSCBVHEWIU-UHFFFAOYSA-N;parent;pharmaceutical;prostate cancer;endocrine disrupter;MZQ;MDL;0,7;ESIneg;0;0;0;0;0;0;0;0;431,080279
Bisoprolol;66722-44-9;VHYCDWMUTMEGQY-UHFFFAOYSA-N;parent;pharmaceutical;cardiovascular system;beta-1-adrenergic receptor antagonist;MZQ;MDL;0,7;ESIpos;1,247898;0;0;0;0;0;0;0,883104;196,495774
Bisphenol C;14868-03-2;OWEYKIWAZBBXJK-UHFFFAOYSA-N;parent;industrial;plasticiser;endocrine disrupter;Retro;LOQ;1;ESIneg;0;4,2;0;0;0;0;6,9;0;211,4
Bisphenol S;1980-09-01;VPWNQTHUCYMVMZ-UHFFFAOYSA-N;parent;industrial;plasticiser;endocrine disrupter;MZQ;MDL;0,7;ESIpos;0;0;0;0;0;0;2,935811;0;3,08461
Budesonide;51333-22-3;VOVIALXJUBGFJZ-KWVAZRHASA-N;parent;pharmaceutical;antiinflammatory;glucocorticoid receptor;MZQ;LOQ;0,1;ESIpos;3,429668;0,069001;0;0,072017;0,056821;0,055969;120,741461;63,308675;90,728064
Bupropion;34911-55-2;SNPPWIUOZRMYNY-UHFFFAOYSA-N;parent;pharmaceutical;antidepressant;neuroactive;MZQ;MDL;3;ESIpos;0;0;0;0;0;0;0;0;2114,978417
Candesartan;139481-59-7;HTQMVQVXFRQIKW-UHFFFAOYSA-N;parent;pharmaceutical;cardiovascular system;AT1 antagonist;MZQ;LOQ;2;ESIneg;0;0;4,786029;0;5,201412;4,353737;0;5,127366;1070,689262
Carbamazepine;298-46-4;FFGPTBGBLSHEPO-UHFFFAOYSA-N;parent;pharmaceutical;anticonvulsant;neuroactive;MZQ;MDL;1;ESIpos;4,027572;1,82849;2,527522;2,480491;2,313313;1,145792;0;0;1036,18848
Carbendazim;10605-21-7;TWFZGCMQGLPBSX-UHFFFAOYSA-N;parent;pesticide;fungicide;mitosis inhibition;MZQ;MDL;1;ESIpos;0;0;0;0;0;0;2,483289;0;16,431223
Carbetamide;16118-49-3;AMRQXHFXNZFDCH-UHFFFAOYSA-N;parent;pesticide;herbicide;mitosis inhibition;MZQ;LOQ;0,2;ESIpos;1,336718;1,416698;0;0,942835;0;0,766542;0;0;32,198018
Celecoxib;169590-42-5;RZEKVGVHFLEQIL-UHFFFAOYSA-N;parent;pharmaceutical;antiinflammatory;cyclooxygenase inhibition ;MZQ;MDL;1;ESIneg;0;0;0;0;0;0;1,272353;0;0
Celestolide;13171-00-1;IKTHMQYJOWTSJO-UHFFFAOYSA-N;parent;pharmaceutical;fragrance;unknown;MZQ;LOQ;0,1;ESIpos;0;0;0;0;0;0;0;0;83,108418
Cetirizine;83881-51-0;ZKLPARSLTMPFCP-UHFFFAOYSA-N;parent;pharmaceutical;antihistamine;H1 receptor antagonist;MZQ;MDL;1;ESIpos;0;0;0;0;0;0;6,959926;6,407061;324,251053
Chenodeoxycholic acid;474-25-9;RUDATBOHQWOJDD-BSWAIDMHSA-N;parent;pharmaceutical;cholesterol;unknown;Retro;LOQ;0,1;ESIneg;0,5;0,1;0,2;0,3;0,4;0;3,1;0,6;3,5
Chloridazon;1698-60-8;WYKYKTKDBLFHCY-UHFFFAOYSA-N;parent;pesticide;herbicide;photosynthesis inhibition;MZQ;MDL;1;ESIpos;4,938559;5427,880444;3,463612;2,396792;1,46353;1,427405;0;0;0
Chlorothalonil-4-hydroxy;28343-61-5;MDQKYGOECVSPIW-UHFFFAOYSA-N;transformation product;pesticide;fungicide;glycolysis inhibition;MZQ;MDL;1;ESIneg;0;0;0;0;0;0;0;0;2,483512
Cholic acid;81-25-4;BHQCQFFYRZLCQQ-OELDTZBJSA-N;parent;pharmaceutical;synthesis of bile acids;unknown;Retro;LOQ;0,2;ESIneg;1,5;0,6;0,9;1;0,7;0,8;7,5;1,4;3,6
Citalopram;59729-33-8;WSEQXVZVJXJVFP-UHFFFAOYSA-N;parent;pharmaceutical;antidepressant;neuroactive;MZQ;MDL;0,7;ESIpos;0;0;0;0;0;0;0;0;537,324923
Clarithromycin;81103-11-9;AGOYDEPGAOXOCK-KCBOHYOISA-N;parent;pharmaceutical;antibiotic;aminoacyl transfer-RNA and polypeptide synthesis inhibition;MZQ;MDL;1;ESIpos;0;0;0;0;0;0;0;0;167,351537
Climbazole;38083-17-9;OWEGWHBOCFMBLP-UHFFFAOYSA-N;parent;pharmaceutical;antifungal;sterol biosynthesis inhibition;MZQ;LOQ;2;ESIpos;0;0;0,835068;0,742616;0;0;0;0;0
Clobetasol;25122-41-2;FCSHDIVRCWTZOX-DVTGEIKXSA-N;parent;pharmaceutical;corticosteroid;cytoplasmic glucocorticoid receptor;MZQ;LOQ;50;ESIpos;0;0;0;0;0;0;0;0;171,758549
Clopidogrel;113665-84-2;GKTWGGQPFAXNFI-HNNXBMFYSA-N;parent;pharmaceutical;cardiovascular system;P2Y12 ADP receptor antagonist;MZQ;MDL;1;ESIpos;0;0;0;0;0;0;0;0;28,081913
Clotrimazole;23593-75-1;VNFPBHJOKIVQEB-UHFFFAOYSA-N;parent;pharmaceutical;antifungal;sterol biosynthesis inhibition;MZQ;MDL;50;ESIpos;0;0;0;0;0;0;84,408936;0;56,770393
Clozapine;5786-21-0;QZUDBNBUXVUHMW-UHFFFAOYSA-N;parent;pharmaceutical;schizophrenia;neuroactive;MZQ;MDL;2,5;ESIpos;0;0;0;0;0;0;0;0;47,573047
Cotinine;486-56-6;UIKROCXWUNQSPJ-VIFPVBQESA-N;transformation product;pharmaceutical;biomarker;neuroactive;MZQ;MDL;2;ESIpos;154,553045;89,748129;113,970114;83,052369;69,40079;86,726465;26,809934;0;694,183345
Crotamiton;483-63-6;DNTGGZPQPQTDQF-UHFFFAOYSA-N;parent;pharmaceutical;scabicidal;neuroactive;MZQ;MDL;1;ESIpos;0;0;0;0;0;0;0;0;6,146161
Cyclamate;100-88-9;HCAJEUSONLESMK-UHFFFAOYSA-N;parent;pharmaceutical;sweetener;unknown;MZQ;MDL;5;ESIneg;84,180499;61,701208;105,890383;0;63,588425;0;0;0;306,228562
Cyclohexylphenylketone;712-50-5;BMFYCFSWWDXEPB-UHFFFAOYSA-N;parent;pharmaceutical;photoinitiator;unknown;Retro;LOQ;52,9;ESIpos;154,5;94;120,4;114,5;87,7;99,2;373,5;198,2;453,1
Daidzein;486-66-8;ZQSIJRDFPHDXIC-UHFFFAOYSA-N;transformation product;industrial;food ingredient;nucleic acid biosynthesis inhibition;MZQ;MDL;1;ESIneg;0;0;0;0;0;0;2,947706;0;4,2023
Decylsulfate;142-98-3;CSMFSDCPJHNZRY-UHFFFAOYSA-N;parent;industrial;surfactant;unknown;MZQ;MDL;1;ESIneg;30,358915;16,167397;0;0;16,326145;0;0;0;32,215802
DEET;134-62-3;MMOXZBCLCQITDF-UHFFFAOYSA-N;parent;pesticide;insect repellent;unknown;MZQ;MDL;0,7;ESIpos;0;0;0;0;0;0;0;0;77,652032
DEET carboxylic acid;72236-23-8;PXXLQQDIFVPNMP-UHFFFAOYSA-N;parent;pesticide;insect repellent;unknown;Retro;LOQ;0,8;ESIpos;2,9;2,4;2,7;2,2;1,7;0;3,2;0;45,2
Denatonium;47324-98-1;ZFQMTVNLDNXRNQ-UHFFFAOYSA-O;parent;industrial;bittern;unknown;MZQ;MDL;1;ESIpos;1,694849;0;0;0;15,214265;0;0;0;73,602467
Desethylatrazine;6190-65-4;DFWFIQKMSFGDCQ-UHFFFAOYSA-N;transformation product;pesticide;herbicide;photosynthesis inhibition;MZQ;MDL;0,7;ESIpos;0;0;0;0;0;0;0;0;829,121984
Di-n-butyl phosphate;107-66-4;JYFHYPJRHGVZDY-UHFFFAOYSA-N;parent;industrial;plastic additive;unknown;MZQ;LOQ;0,1;ESIpos;0;0;0;0;0;0;0;0;4,247517
Diacetylethylenediamine;871-78-3;WNYIBZHOMJZDKN-UHFFFAOYSA-N;parent;industrial;unknown;unknown;Retro;LOQ;0,1;ESIpos;0;0;0;0;0;0;7,9;6,7;77
Diazepam;439-14-5;AAOVKJBEBIDNHE-UHFFFAOYSA-N;parent;pharmaceutical;anxiolytic;neuroactive;MZQ;MDL;0,7;ESIpos;0;0;0;0;0;0;0;0;0,981371
Diclofenac;15307-86-5;DCOPUUMXTXDBNB-UHFFFAOYSA-N;parent;pharmaceutical;antiinflammatory;cyclooxygenase inhibition ;MZQ;MDL;1;ESIneg;0;0;0;0;0;0;0;0;1203,55271
Dicyclohexyl sulfosuccinate;137361-04-7;QPSVFNQMURAADJ-UHFFFAOYSA-N;parent;industrial;surfactant;unknown;MZQ;LOQ;0,1;ESIneg;0;0;0;0;0;0;0;0;5,560528
Dicyclohexylurea;2387-23-7;ADFXKUOMJKEIND-UHFFFAOYSA-N;parent;industrial;unknown;unknown;Retro;LOQ;10,3;ESIpos;35,6;41,8;62,9;17,9;30,4;38;0;0;16,1
Diethofencarb;87130-20-9;LNJNFVJKDJYTEU-UHFFFAOYSA-N;parent;pesticide;fungicide;mitosis inhibition;Retro;LOQ;4,6;ESIpos;0;0;0;0;0;0;0;0;18,7
Difenoconazole;119446-68-3;BQYJATMQXGBDHF-UHFFFAOYSA-N;parent;pesticide;fungicide;sterol biosynthesis inhibition;MZQ;MDL;0,7;ESIpos;0;0;0;0;0;0;0;0;0,904908
Dimethachlor CGA369873;NOCAS;ZNKNVJGSYJFDHT-UHFFFAOYSA-N;transformation product;pesticide;herbicide;VLCFA inhibition;MZQ;LOQ;5;ESIneg;20,893161;12,573031;16,465127;12,451334;9,614129;16,230632;0;0;5,846363
Dimethachlor ESA;NOCAS;RVSCDWJKJDBFRS-UHFFFAOYSA-N;transformation product;pesticide;herbicide;VLCFA inhibition;MZQ;MDL;1;ESIpos;0;1,016743;0;0;0;0;6,981387;0;0
Dimethenamid ESA;205939-58-8;YMYKMSAZEZQEER-UHFFFAOYSA-N;transformation product;pesticide;herbicide;VLCFA inhibition;MZQ;LOQ;1;ESIneg;0,839677;0,43687;0,870814;0,895335;0,820133;0,683444;0;0;0
Dimethyl-5-sulfoisophthalate;138-25-0;HTXMGVTWXZBZNC-UHFFFAOYSA-N;parent;industrial;surfactant;unknown;MZQ;LOQ;0,1;ESIneg;0;0;0;0;0;0;0;0;65,85093
Dimethylaminophenazone;58-15-1;RMMXTBMQSGEXHJ-UHFFFAOYSA-N;parent;pharmaceutical;antiinflammatory;cyclooxygenase inhibition ;Retro;MDL;1;ESIpos;0;0;0;0;0;0;0;0;2,5
Diphenylphosphate;838-85-7;ASMQGLCHMVWBQR-UHFFFAOYSA-N;parent;industrial;plastic additive;unknown;MZQ;MDL;1;ESIpos;0;0;0;0;0;0;0;0;139,127435
Diphenylphosphine oxide;4559-70-0;YFPJFKYCVYXDJK-UHFFFAOYSA-N;parent;industrial;unknown;unknown;MZQ;LOQ;5;ESIpos;0;0;0;0;0;0;7,153651;0;63,295209
Diuron;330-54-1;XMTQQYYKAHVGBJ-UHFFFAOYSA-N;parent;pesticide;herbicide;photosynthesis inhibition;MZQ;MDL;1;ESIpos;0;0;0;0;0;0;1,295141;0;8,669274
Dodecane-12-lactam;947-04-6;JHWNWJKBPDFINM-UHFFFAOYSA-N;parent;industrial;unknown;unknown;Retro;LOQ;0,3;ESIpos;0,5;0;0;0;0;0;0;0;3,1
Duloxetine;116539-59-4;ZEUITGRIYCTCEM-KRWDZBQOSA-N;parent;pharmaceutical;antidepressant;neuroactive;MZQ;MDL;10;ESIpos;0;0;0;0;0;0;11,103155;0;21,892134
Dydrogesterone;152-62-5;JGMOKGBVKVMRFX-HQZYFCCVSA-N;parent;pharmaceutical;miscarriage;endocrine disrupter;MZQ;MDL;1;ESIpos;0;0;0;0;0;0;4602,141138;0;1909,341098
EDDP;30223-73-5;AJRJPORIQGYFMT-UHFFFAOYSA-N;transformation product;pharmaceutical;heroin addicts;neuroactive;MZQ;MDL;15;ESIpos;0;0;0;0;0;0;0;0;87,266776
Enalapril;75847-73-3;GBXSMTUPTTWBMN-XIRDDKMYSA-N;parent;pharmaceutical;cardiovascular system;angiotensin-converting-enzyme (ACE) inhibition;MZQ;MDL;2;ESIpos;2,69963;0;0;2,169639;0;0;2,630803;0;4,995797
Ephedrine;299-42-3;KWGRBVOPPLSCSI-WPRPVWTQSA-N;parent;pharmaceutical;stimulant;neuroactive;Retro;LOQ;5,1;ESIpos;22;17,3;21,6;19,9;15,4;15;63,9;35,8;232,1
Eprosartan;133040-01-4;OROAFUQRIXKEMV-LDADJPATSA-N;parent;pharmaceutical;high blood pressure;angiotensin II receptor antagonist;Retro;LOQ;0,6;ESIpos;0;0;0;0;0;0;0;1,2;32,8
Eprosartan acid;NOCAS;NOINCHIKEY;transformation product;pharmaceutical;high blood pressure;angiotensin II receptor antagonist;Retro;LOQ;0,2;ESIpos;1;0,8;0,8;0,8;0,6;0,6;0,8;1,1;4
epsilon-Caprolactam;105-60-2;JBKVHLHDHHXQEQ-UHFFFAOYSA-N;transformation product;industrial;unknown;unknown;Retro;LOQ;48,5;ESIpos;263,7;191,1;216,8;117;142,1;8,2;21,7;10,7;157,1
Equilin;474-86-2;WKRLQDKEXYKHJB-HFTRVMKXSA-N;parent;pharmaceutical;hormone;endocrine disrupter;Retro;LOQ;4,8;ESIpos;11,7;8;10,8;8,6;7,9;7,3;39,1;16,3;31,3
Fenpropimorph;67564-91-4;RYAUSSKQMZRMAI-ALOPSCKCSA-N;parent;pesticide;fungicide;sterol biosynthesis inhibition;MZQ;MDL;1;ESIpos;0;0;0;0;0;0;1,013744;0;0
Fenuron;101-42-8;XXOYNJXVWVNOOJ-UHFFFAOYSA-N;parent;pesticide;herbicide;photosynthesis inhibition;MZQ;MDL;0,7;ESIpos;0;0;0;0;0;0;0;0;544,990035
Fipronil;120068-37-3;ZOCSXAVNDGMNBV-UHFFFAOYSA-N;parent;pesticide;insecticide;neuroactive;MZQ;MDL;0,5;ESIneg;0;0;0;0;0;0;0;0;5,255876
Fluconazole;86386-73-4;RFHAOTPXVQNOHP-UHFFFAOYSA-N;parent;pharmaceutical;antifungal;ATP-sensitive potassium channel inhibition (in pancreatic beta cells);MZQ;MDL;2;ESIpos;0;0;0;0;0;0;0;0;5045,811259
Flufenacet;142459-58-3;IANUJLZYFUDJIH-UHFFFAOYSA-N;parent;pesticide;herbicide;VLCFA inhibition;MZQ;MDL;1;ESIpos;0;0;0;0;0;0;1,444503;0;0
Flunisolide;3385-03-03;XSFJVAJPIHIPKU-XWCQMRHXSA-N;parent;pharmaceutical;antiinflammatory;glucocorticoid receptor;MZQ;LOQ;0,1;ESIpos;10,272694;0;11,41289;0,043028;0,083483;2,004476;87,008237;64,705298;25,134063
Fluorometholone;426-13-1;FAOZLTXFLGPHNG-KNAQIMQKSA-N;parent;pharmaceutical;antiinflammatory;glucocorticoid receptor;MZQ;LOQ;0,1;ESIpos;31,52974;10,206325;14,2425;0;3,667042;9,907671;111,237394;30,074295;92,120858
Fluticasone propionate;80474-14-2;WMWTYOKRWGGJOA-CENSZEJFSA-N;parent;pharmaceutical;glucocorticoid;unknown;MZQ;LOQ;0,1;ESIpos;0;0;0;0;0;0;19,41761;6,275092;0
Fluvoxamine;54739-18-3;CJOFXWAVKWHTFT-XSFVSMFZSA-N;parent;pharmaceutical;antidepressant;neuroactive;MZQ;MDL;2;ESIpos;0;0;0;0;0;0;0;0;6,17194
Formetanate;22259-30-9;RMFNNCGOSPBBAD-UHFFFAOYSA-N;parent;pesticide;insecticide;neuroactive;Retro;LOQ;0,5;ESIpos;18,7;12;18,6;12,8;9,5;12,2;5,8;5,2;71,6
Furosemide;54-31-9;ZZUFCTLCJUWOSV-UHFFFAOYSA-N;parent;pharmaceutical;metabolic system;sodium potassium chloride cotransporter (NKCC2) inhibition;MZQ;MDL;1;ESIneg;0;0;0;0;0;0;0;0;1336,27624
Gabapentin;60142-96-3;UGJMXCAKCUNAIE-UHFFFAOYSA-N;parent;pharmaceutical;anticonvulsant;neuroactive;MZQ;MDL;20;ESIpos;0;0;0;0;0;0;0;0;4196,819563
Gabapentin-Lactam;64744-50-9;JAWPQJDOQPSNIQ-UHFFFAOYSA-N;parent;pharmaceutical;anticonvulsant;neuroactive;MZQ;LOQ;0,1;ESIpos;5,476399;2,86436;4,154403;3,612414;4,289568;2,592381;0;29,06886;1734,781184
Gemfibrozil;25812-30-0;HEMJJKBWTPKOJG-UHFFFAOYSA-N;parent;pharmaceutical;lipid metabolism;PPAR alpha agonist;MZQ;MDL;50;ESIpos;0;0;0;0;0;0;66,631664;0;59,856884
Genistein;446-72-0;TZBJGXHYKVUXJN-UHFFFAOYSA-N;parent;industrial;food ingredient;endocrine disrupter;MZQ;MDL;1;ESIpos;0;0;0;0;0;0;2,092445;1,444781;7,696787
Glimepiride;93479-97-1;WIGIZIANZCJQQY-RUCARUNLSA-N;parent;pharmaceutical;anti-diabetic;ATP-sensitive potassium channel inhibition (in pancreatic beta cells);MZQ;MDL;1;ESIpos;0;0;0;0;0;0;2,563391;1,045417;0
Harman;486-84-0;PSFDQSOCUJVVGF-UHFFFAOYSA-N;parent;industrial;food ingredient;neuroactive;MZQ;LOQ;0,1;ESIpos;0;0;0;0;0;0;0;0;880,448394
Harmine;442-51-3;BXNJHAXVSOCGBA-UHFFFAOYSA-N;parent;industrial;food ingredient;neuroactive;MZQ;LOQ;0,1;ESIpos;0;0;0;0;0;0;0;0;101,061893
Hexa(methoxymethyl)melamine;3089-11-0;BNCADMBVWNPPIZ-UHFFFAOYSA-N;parent;industrial;tires;unknown;MZQ;MDL;1;ESIpos;0;0;0;0;0;0;110,525106;0;164,319406
Hydrochlorothiazide;58-93-5;JZUFKLXOESDKRF-UHFFFAOYSA-N;parent;pharmaceutical;cardiovascular system;sodium-chloride symporter (SLC12A3) inhibition;MZQ;MDL;1;ESIneg;0;0;0;0;0;0;6,428605;6,446941;1851,973575
Imazalil;35554-44-0;PZBPKYOVPCNPJY-UHFFFAOYSA-N;parent;pesticide;fungicide;sterol biosynthesis inhibition;MZQ;MDL;1;ESIpos;0;0;0;0;0;0;0;0;70,038146
Imazapyr;81334-34-1;CLQMBPJKHLGMQK-UHFFFAOYSA-N;parent;pesticide;herbicide;protein biosynthesis inhibition;MZQ;LOQ;0,1;ESIneg;6,569201;8,502063;0;0;0;0;0;0;13,822303
Imidacloprid;138261-41-3;YWTYJOPNNQFBPC-UHFFFAOYSA-N;parent;pesticide;insecticide;neuroactive;MZQ;MDL;1;ESIpos;0;0;0;0;0;0;0;0;943,757204
Iminostilbene;256-96-2;LCGTWRLJTMHIQZ-UHFFFAOYSA-N;transformation product;pharmaceutical;anticonvulsant;neuroactive;MZQ;MDL;0,7;ESIpos;0;0;0;0;0;0;0;0;3,138675
Indometacin;53-86-1;CGIGDMFJXJATDK-UHFFFAOYSA-N;parent;pharmaceutical;antiinflammatory;cyclooxygenase inhibition ;MZQ;MDL;2;ESIpos;0;0;0;0;0;0;0;0;4,132795
Irgarol;28159-98-0;HDHLIWCXDDZUFH-UHFFFAOYSA-N;parent;pesticide;biocide;photosynthesis inhibition;MZQ;MDL;1;ESIpos;0;0;0;0;0;0;0;0;1,245482
Isophorone;78-59-1;HJOVHMDZYOCNQW-UHFFFAOYSA-N;unknown;industrial;unknown;unknown;MZQ;LOQ;0,1;ESIpos;0;0;0;0;0;0;0,284464;0,208204;0,338674
Isophorone diamine;2855-13-2;RNLHGQLZWXBQNY-UHFFFAOYSA-N;parent;industrial;unknown;unknown;MZQ;MDL;20;ESIpos;0;0;0;0;0;0;0;0;82,467388
Isoproturon;34123-59-6;PUIYMUZLKQOUOZ-UHFFFAOYSA-N;parent;pesticide;herbicide;photosynthesis inhibition;MZQ;MDL;0,5;ESIpos;0;0;0;0;0;0;0,663081;0;0,608733
Ivermectin B1a;71827-03-7;AZSNMRSAGSSBNP-XPNPUAGNSA-N;parent;pharmaceutical;biocide;unknown;MZQ;LOQ;0,5;ESIpos;0;0;0;0;0;0;0;2,473272;0
Ketamine;6740-88-1;YQEZLKZALYSWHR-UHFFFAOYSA-N;parent;pharmaceutical;anesthetic;neuroactive;MZQ;MDL;5;ESIpos;0;0;0;0;0;0;0;0;16,101607
Ketoconazole;65277-42-1;XMAYWYJOQHXEEK-OZXSUGGESA-N;parent;pharmaceutical;antifungal;sterol biosynthesis inhibition;MZQ;MDL;10;ESIpos;0;0;0;0;0;0;0;0;90,990432
Ketoprofen;22071-15-4;DKYWVDODHFEZIM-UHFFFAOYSA-N;parent;pharmaceutical;antiinflammatory;cyclooxygenase inhibition ;MZQ;MDL;1;ESIpos;0;0;0;0;0;0;18,235827;0;260,309652
Kresoxim-methyl;143390-89-0;ZOTBXTZVPHCKPN-HTXNQAPBSA-N;parent;pesticide;fungicide;respiration inhibition;MZQ;LOQ;0,1;ESIpos;0;0;0;0;0;0;0;0;3,005607
Labetalol;36894-69-6;SGUAFYQXFOLMHL-UHFFFAOYSA-N;parent;pharmaceutical;cardiovascular system;alpha and beta-andrenergic receptor antagonist;MZQ;LOQ;0,1;ESIpos;1,331127;0,960626;1,311685;0,876499;0,485909;0,55698;0,896568;0;68,248806
Lamotrigine;84057-84-1;PYZRQGJRPPTADH-UHFFFAOYSA-N;parent;pharmaceutical;epilepsy;neuroactive;MZQ;LOQ;0,1;ESIpos;5,349191;3,376625;4,236749;4,073097;4,737404;3,422582;0;3,640475;2676,051109
Lauramidopropylbetaine;4292-10-08;MRUAUOIMASANKQ-UHFFFAOYSA-N;parent;industrial;surfactant;unknown;MZQ;LOQ;0,1;ESIpos;0;0;0;0;3630,145104;0;0;0;0
Lenacil;2164-08-01;ZTMKADLOSYKWCA-UHFFFAOYSA-N;parent;pesticide;herbicide;photosynthesis inhibition;MZQ;MDL;1;ESIpos;0;0;0;0;0;0;0;0;7,849883
Lidocaine;137-58-6;NNJVILVZKWQKPM-UHFFFAOYSA-N;parent;pharmaceutical;anesthetic;neuroactive;MZQ;MDL;5;ESIpos;0;0;0;0;0;0;0;0;238,14228
Losartan;114798-26-4;PSIFNNKUMBGKDQ-UHFFFAOYSA-N;parent;pharmaceutical;high blood pressure;AT1 antagonist;MZQ;MDL;2;ESIpos;0;0;0;0;0;0;5,141869;8,531933;936,123807
Losartan Carboxylic acid;124750-92-1;ZEUXAIYYDDCIRX-UHFFFAOYSA-N;transformation product;pharmaceutical;high blood pressure;AT1 antagonist;Retro;LOQ;0,2;ESIpos;2,6;2,6;3,8;1,3;2;2,1;2,8;8,3;411,8
m-Xylene-4-sulfonic acid;88-61-9;CHZLVSBMXZSPNN-UHFFFAOYSA-N;parent;industrial;solvent;unknown;MZQ;LOQ;0,1;ESIneg;16,252719;9,137199;15,966182;9,794387;18,138679;13,022031;12,359781;61,354219;73,955423
MCPA;94-74-6;WHKUVVPPKQRRBV-UHFFFAOYSA-N;parent;pesticide;herbicide;synthetic auxin;MZQ;MDL;1;ESIneg;0;0;0;0;0;0;7,277606;0;0
Mecoprop;93-65-2;WNTGYJSOUMFZEP-UHFFFAOYSA-N;parent;pesticide;herbicide;synthetic auxin;MZQ;MDL;1;ESIneg;0;0;0;0;0;0;3,439058;0;0
Medroxyprogesterone acetate;71-58-9;PSGAAPLEWMOORI-PEINSRQWSA-N;parent;pharmaceutical;birth control;inhibits the secretion of gonadotropins;MZQ;MDL;1;ESIpos;0;0;0;0;0;0;161,51823;77,886784;102,73694
Melamine;108-78-1;JDSHMPZPIAZGSV-UHFFFAOYSA-N;parent;industrial;houseware;unknown;MZQ;LOQ;0,1;ESIpos;0;0;0;0;0;0;0,710915;0;1,517118
Memantine;19982-08-2;BUGYDGFZZOZRHP-UHFFFAOYSA-N;parent;pharmaceutical;alzheimer;neuroactive;MZQ;MDL;1;ESIpos;0;0;0;0;0;0;0;0;3523,452605
Metalaxyl;57837-19-1;ZQEIXNIJLIKNTD-UHFFFAOYSA-N;parent;pesticide;fungicide;nucleic acid biosynthesis inhibition;MZQ;MDL;1;ESIpos;0;0;0;0;0;0;2,906492;0;3,007409
Metalaxyl CGA108906;104390-56-9;WFTHOCDLKYPFJX-UHFFFAOYSA-N;transformation product;pesticide;fungicide;nucleic acid biosynthesis inhibition;Retro;LOQ;1,2;ESIpos;4,1;3;4,2;3,1;2;2,3;8,1;5,3;18,1
Metamitron;41394-05-2;VHCNQEUWZYOAEV-UHFFFAOYSA-N;parent;pesticide;herbicide;photosynthesis inhibition;MZQ;MDL;1;ESIpos;0;0;0;0;0;0;0;0;182,788273
Metazachlor BH 479-9;1246215-97-3;DYCHUHSHQIYFAI-UHFFFAOYSA-N;transformation product;pesticide;herbicide;photosynthesis inhibition;MZQ;LOQ;2;ESIpos;0;0;0;0;0;0;3,090538;0;0
Metazachlor BH479-12;NOCAS;DFJUHFNLKWOTIZ-UHFFFAOYSA-N;transformation product;pesticide;herbicide;unknown;MZQ;LOQ;0,1;ESIneg;234,972301;86,359452;73,893499;108,599505;5,705099;124,58554;89,902039;137,682415;741,76992
Metazachlor ESA;172960-62-2;IPVCSECPEVHQOV-UHFFFAOYSA-N;parent;pesticide;herbicide;VLCFA inhibition;MZQ;MDL;1;ESIneg;14,638149;8,637588;13,720956;9,701094;13,285412;9,671302;1,255162;0;1,209107
Metazachlor OA;1231244-60-2;PHMHHVKFXZNTKU-UHFFFAOYSA-N;transformation product;pesticide;herbicide;VLCFA inhibition;MZQ;LOQ;0,1;ESIneg;21,062104;17,362878;17,629777;11,900537;9,224238;10,002772;9,082146;4,89295;2,670501
Metformin;657-24-9;XZWYZXLIPXDOLR-UHFFFAOYSA-N;parent;pharmaceutical;type 2 diabetes;AMPK activator, ETF-QO inhibition;MZQ;MDL;10;ESIpos;0;0;0;0;0;0;62,512218;68,781565;999,161385
Methadone;76-99-3;USSIQXCVUWKGNF-UHFFFAOYSA-N;parent;pharmaceutical;analgesic;neuroactive;Retro;LOQ;0,5;ESIpos;0;0;0;0;0;0;0;0;3,6
Methamphetamine;537-46-2;MYWUZJCMWCOHBA-VIFPVBQESA-N;parent;pharmaceutical;recreational;neuroactive;Retro;LOQ;2,1;ESIpos;0;0,2;0,2;0;0;0;0;0;10,3
Methiocarb sulfone;2179-25-1;RJBJMKAMQIOAML-UHFFFAOYSA-N;parent;pesticide;insecticide;neuroactive;Retro;LOQ;2,5;ESIpos;0;0;0;0;0;0;0;0;21,9
Metobromuron;3060-89-7;WLFDQEVORAMCIM-UHFFFAOYSA-N;parent;pesticide;herbicide;photosynthesis inhibition;MZQ;LOQ;0,5;ESIpos;0;0;0;0;0;0;0;0;21,756935
Metolachlor CGA 357704;1217465-10-5;IMFSUYMDPTXKCC-UHFFFAOYSA-N;transformation product;pesticide;herbicide;VLCFA inhibition;MZQ;LOQ;0,1;ESIneg;0;0;0;0;0;0;149,628145;44,502461;524,466072
Metolachlor CGA 368208;1173021-76-5;WWFKJLARXKHBKN-UHFFFAOYSA-M;transformation product;pesticide;herbicide;VLCFA inhibition;MZQ;LOQ;0,5;ESIpos;0;0;0;0;0;0;0;0;166,309674
Metolachlor_ESA;171118-09-5;CIGKZVUEZXGYSV-UHFFFAOYSA-N;transformation product;pesticide;herbicide;VLCFA inhibition;MZQ;LOQ;0,1;ESIneg;0;0;5,38678;4,487213;4,506997;3,40066;0;0;0
Metolachlor-OA;152019-73-3;LNOOSYCKMKZOJB-UHFFFAOYSA-N;transformation product;pesticide;herbicide;VLCFA inhibition;MZQ;MDL;1;ESIneg;0;5,209561;0;4,577012;0;0;0;0;0
Metoprolol;51384-51-1;IUBSYMUCCVWXPE-UHFFFAOYSA-N;parent;pharmaceutical;cardiovascular system;beta-1-adrenergic receptor antagonist;MZQ;MDL;3;ESIpos;0;1078,845469;0;0;0;0;2504,294476;3,59569;51265,87336
Metoprolol acid;56392-14-4;PUQIRTNPJRFRCZ-UHFFFAOYSA-N;transformation product;pharmaceutical;cardiovascular system;beta-1-adrenergic receptor antagonist;MZQ;MDL;15;ESIpos;0;0;0;0;0;15,723522;22,031387;24,692775;1590,23704
Mirtazapine;61337-67-5;RONZAEMNMFQXRA-UHFFFAOYSA-N;parent;pharmaceutical;antidepressant;neuroactive;MZQ;MDL;5;ESIpos;0;0;0;0;0;0;0;0;424,595112
Mometasone fuorate;83919-23-7;WOFMFGQZHJDGCX-ZULDAHANSA-N;parent;pharmaceutical;hormone;endocrine disrupter;MZQ;LOQ;0,2;ESIpos;0;0;12,527324;0;0;0;55,740695;0;0
Mycophenolic acid;24280-93-1;HPNSFSBZBAHARI-RUDMXATFSA-N;parent;pharmaceutical;kidney transplants;depletes guanosine nucleotides preferentially in T and B lymphocytes;MZQ;MDL;1;ESIpos;0;0;0;0;0;0;0;0;91,370864
N-Butylbenzenesulfonamide;3622-84-2;IPRJXAGUEGOFGG-UHFFFAOYSA-N;parent;industrial;plasticiser;endocrine disrupter;MZQ;MDL;50;ESIpos;0;0;0;0;0;0;0;0;83,416906
N-Cyclohexyl-2-benzothiazole-amine;28291-75-0;UPWPIFMHSFSVLE-UHFFFAOYSA-N;parent;industrial;rubber additive;unknown;MZQ;MDL;1;ESIpos;0;0;0;0;0;0;1,773184;0;0
N-Ethyl-o-toluenesulfonamide;1077-56-1;NATWUQFQFMZVMT-UHFFFAOYSA-N;parent;industrial;plasticiser;unknown;MZQ;MDL;1;ESIpos;0;0;0;0;0;0;0;0;4,599252
Naltrexon;16590-41-3;DQCKKXVULJGBQN-XFWGSAIBSA-N;parent;pharmaceutical;alcohol use;blocking the mu-opioid receptor;Retro;LOQ;0,7;ESIpos;0;0;0;0;0;0;1;0,9;5,6
Nicosulfuron;111991-09-4;RTCOGUMHFFWOJV-UHFFFAOYSA-N;parent;pesticide;herbicide;protein biosynthesis inhibition;MZQ;LOQ;0,1;ESIneg;0;0,033064;0,038645;0,039304;0,043499;0,039304;36,358574;10,680127;41,039139
Nitrendipin;39562-70-4;PVHUJELLJLJGLN-UHFFFAOYSA-N;parent;pharmaceutical;hypertension;calcium channel inhibition;MZQ;MDL;1;ESIneg;0;0;0;0;0;0;0;0;1,168613
Norfloxacin;70458-96-7;OGJPXUAPXNRGGI-UHFFFAOYSA-N;parent;pharmaceutical;antibiotic;nucleic acid biosynthesis inhibition;MZQ;LOQ;20;ESIpos;37,01547;8754,954573;30,219175;27,442044;28,911395;28,238791;0;0;0
Norgestimate;35189-28-7;KIQQMECNKUGGKA-NMYWJIRASA-N;parent;pharmaceutical;birth control;progesterone receptor agonist;MZQ;MDL;1,3;ESIpos;0;0;0;0;0;0;22,549923;4,227099;7,372089
Norgestrel;6533-00-2;WWYNJERNGUHSAO-XUDSTZEESA-N;parent;pharmaceutical;birth control;gonadotropin inhibition;MZQ;MDL;1;ESIpos;0;0;0;0;0;0;47,948534;0;0
o-Toluidine;95-53-4;RNVCVTLRINQCPJ-UHFFFAOYSA-N;parent;industrial;precursor;unknown;MZQ;LOQ;0,1;ESIpos;0;0;0;0;0;0;0;0;3234,366655
Ondansetron;99614-02-5;FELGMEQIXOGIFQ-UHFFFAOYSA-N;parent;pharmaceutical;chemotherapy;neuroactive;MZQ;MDL;2;ESIpos;0;0;0;0;0;0;0;0;105,580858
Oxazepam;604-75-1;ADIMAYPTOBDMTL-UHFFFAOYSA-N;parent;pharmaceutical;anxiolytic;neuroactive;MZQ;MDL;1;ESIpos;0;0;0;0;0;0;1,115018;1,662983;370,505391
Oxybutynin;5633-20-5;XIQVNETUBQGFHX-UHFFFAOYSA-N;parent;pharmaceutical;overactive bladder;neuroactive;MZQ;MDL;1;ESIpos;1,158814;0;0;0;0;0;0;0;0
Palmitoylethanolamide;544-31-0;HXYVTAGFYLMHSO-UHFFFAOYSA-N;parent;pharmaceutical;antiinflammatory;cyclooxygenase inhibition ;Retro;LOQ;10,6;ESIpos;0;0;22,1;14,1;0;0;13,5;7,2;9,4
Paraxanthine;611-59-6;QUNWUDVFRNGTCO-UHFFFAOYSA-N;transformation product;pharmaceutical;stimulant;antagonism of adenosine receptor;Retro;LOQ;13,1;ESIpos;0;0;0;0;0;0;0;0;15,9
Pentobarbital;76-74-4;WEXRUCMBJFQVBZ-UHFFFAOYSA-N;parent;pharmaceutical;sedative;neuroactive;MZQ;LOQ;50;ESIneg;43,833245;0;0;0;0;0;0;0;0
Perfluorooctanesulfonic acid;1763-23-1;YFSUTJLHUFNCNZ-UHFFFAOYSA-N;parent;industrial;PFOS;PPAR receptor agonist;MZQ;MDL;1;ESIneg;0;0;0;0;0;0;11,385879;0;5,957153
Perfluorooctanoic acid;335-67-1;SNGREZUHAYWORS-UHFFFAOYSA-N;parent;industrial;surfactant;PPAR receptor agonist;MZQ;LOQ;0,1;ESIneg;0;0;0;0;0;0;8,247812;0;8,628727
Phenazone;60-80-0;VEQOALNAAJBPNY-UHFFFAOYSA-N;parent;pharmaceutical;antiinflammatory;cyclooxygenase inhibition ;MZQ;MDL;0,5;ESIpos;0;0;0;0;0;0;0;0;542,948477
Phenothiazine;92-84-2;WJFKNYWRSNBZNX-UHFFFAOYSA-N;parent;pesticide;insecticide;neuroactive;Retro;LOQ;1,9;ESIpos;0;0;0;1,9;0;0;0;0;0
Phenylbenzimidazole sulfonic acid;27503-81-7;UVCJGUGAGLDPAA-UHFFFAOYSA-N;parent;pharmaceutical;UV filter;nucleic acid biosynthesis inhibition;MZQ;MDL;5;ESIpos;0;0;0;0;0;0;0;0;646,25367
Phenylethylmalonamide;7206-76-0;JFZHPFOXAAIUMB-UHFFFAOYSA-N;transformation product;pharmaceutical;anticonvulsant;unknown;MZQ;LOQ;0,1;ESIpos;19,933051;12,655179;17,155085;9,977054;9,199445;11,3616;0;3,042158;60,448104
Phloretin;60-82-2;VGEREEWJJVICBM-UHFFFAOYSA-N ;parent;pharmaceutical;antioxidant;unknown;Retro;LOQ;0,5;ESIpos;10,8;3,5;5,4;6,4;3,8;4,9;62,1;44,5;63,8
Piperine;94-62-2;MXXWOMGUGJBKIW-YPCIICBESA-N;parent;industrial;food ingredient;NF-kappaB inhibitor, TRPV ion channel activation (on nociceptors);MZQ;LOQ;0,1;ESIpos;0;0;0;0;0,415896;0;0,630025;0;7,293034
Piperonyl butoxide;1951-03-06;FIPWRIJSWJWJAI-UHFFFAOYSA-N;parent;pesticide;insecticide;P450-dependent monoxygenase inhibition;MZQ;MDL;5;ESIpos;0;0;0;0;0;0;0;6,483799;7,196702
Promethazin;60-87-7;PWWVAXIEGOYWEE-UHFFFAOYSA-N;parent;pharmaceutical;antihistamine;H1 receptor antagonist;MZQ;MDL;5;ESIpos;0;0;0;0;0;0;0;0;137,05983
Propiconazole;60207-90-1;STJLVHWMYQXCPB-UHFFFAOYSA-N;parent;pesticide;fungicide;sterol biosynthesis inhibition;MZQ;MDL;0,7;ESIpos;0;0;0;0;0;0;0;0;6,32209
Propranolol;525-66-6;AQHHHDLHHXJYJD-UHFFFAOYSA-N;parent;pharmaceutical;cardiovascular system;beta-1-adrenergic receptor antagonist;MZQ;MDL;1;ESIpos;1,008341;0;1,066297;0;0;0;2,342389;0;107,382312
Prosulfocarb;52888-80-9;NQLVQOSNDJXLKG-UHFFFAOYSA-N;parent;pesticide;herbicide;fatty acid biosynthesis inhibition;MZQ;MDL;1;ESIpos;0;1,7288;3,675312;4,099272;2,761221;0;82,281529;13,216552;0
Quinmerac;90717-03-6;ALZOLUNSQWINIR-UHFFFAOYSA-N;parent;pesticide;herbicide;synthetic auxin;MZQ;MDL;1;ESIpos;3,299918;16187,46853;2,516006;2,112783;2,115573;1,671208;0;0;0
Raloxifene;84449-90-1;GZUITABIAKMVPG-UHFFFAOYSA-N;parent;pharmaceutical;osteoporosis;endocrine disrupter;MZQ;MDL;2;ESIneg;0;16,369366;17,408061;11,55843;0;16,371244;43,89902;18,116373;35,147425
Ranitidine;66357-35-5;VMXUWOKSQNHOCA-UHFFFAOYSA-N;parent;pharmaceutical;antihistamine;H2 receptor antagonist;MZQ;MDL;6,5;ESIpos;0;0;0;0;0;0;0;0;27,401238
Secobarbital;76-73-3;KQPKPCNLIDLUMF-UHFFFAOYSA-N;parent;pharmaceutical;sedative;neuroactive;MZQ;LOQ;50;ESIneg;0;34,055255;0;0;0;0;0;0;68,163083
Sertraline;79617-96-2;VGKDLMBJGBXTGI-SJCJKPOMSA-N;parent;pharmaceutical;antidepressant;neuroactive;MZQ;MDL;2;ESIpos;0;0;0;0;0;0;9,393834;0;161,388324
Sidenafil;139755-83-2;BNRNXUUZRGQAQC-UHFFFAOYSA-N ;parent;pharmaceutical;erectile dysfunction;phosphodiesterase type V inhibitor;Retro;LOQ;0,2;ESIpos;0,9;0,4;0;0,5;0,3;0,6;1,9;0,8;6,9
Sotalol;3930-20-9;ZBMZVLHSJCTVON-UHFFFAOYSA-N;parent;pharmaceutical;cardiovascular system;beta-1-adrenergic receptor antagonist;MZQ;MDL;2,5;ESIpos;0;0;0;0;0;0;0;0;89,731436
Spinosyn A;131929-60-7;SRJQTHAZUNRMPR-UYQKXTDMSA-N;parent;pesticide;insecticide;neuroactive;MZQ;LOQ;5;ESIpos;46,774068;18,354519;2,563476;5,335221;27,940831;0;0;0;106,689776
Spiroxamine;118134-30-8;PUYXTUJWRLOUCW-UHFFFAOYSA-N;parent;pesticide;fungicide;sterol biosynthesis inhibition;MZQ;MDL;1;ESIpos;0;0;0;0;0;0;0;0;5,056586
Sucralose;56038-13-2;BAQAVOSOZGMPRM-QBMZZYIRSA-N;parent;pharmaceutical;sweetener;unknown;MZQ;MDL;40;ESIneg;223,365875;155,737239;254,241841;163,288356;173,497232;201,576853;226,016716;160,901587;51282,12444
Sulfamethoxazole;723-46-6;JLKIGFTWXXRPMT-UHFFFAOYSA-N;parent;pharmaceutical;antibiotic;folic acid biosynthesis inhibition;MZQ;MDL;2;ESIpos;0;2132,193483;0;0;0;0;763,149841;5,097969;6620,005254
Sulfapyridine;144-83-2;GECHUMIMRBOMGK-UHFFFAOYSA-N;parent;pharmaceutical;antibiotic;folic acid biosynthesis inhibition;MZQ;MDL;5;ESIpos;0;0;0;0;0;0;0;0;661,446968
Taxifolin;480-18-2;CXQWRCVTCMQVQX-LSDHHAIUSA-N;parent;pharmaceutical;chemopreventive agent;decrease the antihypertensive activities of Acebutolol;Retro;LOQ;2,6;ESIpos;0;0;0;0;0;4,4;31,7;22,4;33,7
TDCPP;13674-87-8;ASLWPAWFJZFCKF-UHFFFAOYSA-N;parent;industrial;plastic additive;neuroactive;MZQ;MDL;6;ESIpos;0;0;11,376391;0;27,774905;0;0;0;55,193675
Tebuconazole;107534-96-3;PXMNMQRDXWABCY-UHFFFAOYSA-N;parent;pesticide;fungicide;sterol biosynthesis inhibition;MZQ;MDL;0,7;ESIpos;0;0;0;0;0;0;0;0;9,36835
Telmisartan;144701-48-4;RMMXLENWKUUMAY-UHFFFAOYSA-N;parent;pharmaceutical;high blood pressure;AT1 antagonist;MZQ;LOQ;0,1;ESIneg;19,265167;0,051897;0,067529;0,066441;0,055604;0,050513;18,173516;5,410621;48,109467
Temazepam;846-50-4;SEQDDYPDSLOBDC-UHFFFAOYSA-N;parent;pharmaceutical;insomnia;neuroactive;MZQ;MDL;1;ESIpos;0;0;0;0;0;0;0;0;15,803862
Terbuthylazine;5915-41-3;FZXISNSWEXTPMF-UHFFFAOYSA-N;parent;pesticide;herbicide;photosynthesis inhibition;Retro;MDL;1;ESIpos;0;0;0;0;0;0;0;0;2
Terbuthylazine-2-hydroxy;66753-07-9;OYTCZOJKXCTBHG-UHFFFAOYSA-N;transformation product;pesticide;herbicide;photosynthesis inhibition;MZQ;MDL;4;ESIpos;0;0;0;0;0;0;3997,072654;0;769,731527
Tetrabutylammonium;10549-76-5;DZLFLBLQUQXARW-UHFFFAOYSA-N;parent;industrial;precursor;unknown;Retro;LOQ;0,9;ESIpos;0,9;0,8;0,8;0,8;0,8;0,8;0;0;7,8
Tetraethyleneglycol monobutyl ether;23783-42-8;ZNYRFEPBTVGZDN-UHFFFAOYSA-N;parent;industrial;solvent;unknown;Retro;LOQ;2,6;ESIpos;11,7;8,1;8,1;0;10,6;0;38,2;0;29,8
Tetraglyme;143-24-8;ZUHZGEOKBKGPSW-UHFFFAOYSA-N;parent;industrial;thermal stabiliser;unknown;MZQ;MDL;2,5;ESIpos;14,867068;12976,17053;9,93268;7,360509;5,28322;0;0;0;1168,661738
Theobromine;83-67-0;YAPQBXQYLJRXSA-UHFFFAOYSA-N;parent;pharmaceutical;cosmetics;inhibition of phosphodiesterases and blockade of adenosine receptor;Retro;LOQ;11,9;ESIpos;9,4;5,9;10,2;0;9,4;6,4;8,1;6,2;12
Theophyllin;58-55-9;ZFXYFBGIUFBOJW-UHFFFAOYSA-N;parent;pharmaceutical;stimulant;phosphodiesterase inhibition, adenosine receptor antagonist, histone deacetylase activation;MZQ;MDL;10;ESIpos;22,970225;0;27,689562;0;22,852359;0;15,678379;0;0
Thiabendazole;148-79-8;WJCNZQLZVWNLKY-UHFFFAOYSA-N;parent;pesticide;fungicide;respiration inhibition;MZQ;MDL;2,5;ESIpos;0;0;0;0;0;0;0;0;7,03494
Tonalide;21145-77-7;DNRJTBAOUJJKDY-UHFFFAOYSA-N;parent;pharmaceutical;fragrance;unknown;MZQ;MDL;2;ESIpos;0;0;0;0;0;0;0;0;38,331481
Tramadol;27203-92-5;TVYLLZQTGLZFBW-ZBFHGGJFSA-N;parent;pharmaceutical;analgesic;neuroactive;MZQ;MDL;3;ESIpos;0;1782,348742;0;0;0;0;3475,918323;4,494431;4586,641143
Trenbolone;10161-33-8;MEHHPFQKXOUFFV-OWSLCNJRSA-N;parent;pharmaceutical;veterinary;anabolic steroid ;MZQ;MDL;1;ESIpos;0;0;0;0;0;0;0;0;190,856167
Tri(butoxyethyl)phosphate;78-51-3;WTLBZVNBAKMVDP-UHFFFAOYSA-N;parent;industrial;plastic additive;unknown;MZQ;MDL;1;ESIpos;0;0;0;0;0;0;0;0;495,179833
Triacetin;102-76-1;URAYPUMNDPQOKB-UHFFFAOYSA-N;parent;industrial;food ingredient;unknown;Retro;LOQ;2,7;ESIpos;0;0;0;0;5,1;0;1,1;0;5,1
Triamcinolone;124-94-7;GFNANZIMVAIWHM-OBYCQNJPSA-N;parent;pharmaceutical;corticosteroid;phospholipase A2 inhibition;MZQ;MDL;1;ESIpos;0;0;0;0;0;0;189,669724;29,537889;0
Tributylamine;102-82-9;IMFACGCPASFAPR-UHFFFAOYSA-N;parent;industrial;solvent;unknown;MZQ;LOQ;0,1;ESIpos;0;0;0;0;0;0;0;0;14438,53775
Triethylcitrate;77-93-0;DOOTYTYQINUNNV-UHFFFAOYSA-N;parent;industrial;plastic additive;unknown;MZQ;MDL;5;ESIpos;0;0;0;0;0;0;0;0;152,089023
Trifloxystrobin CGA 321113;252913-85-2;ISZQNKFXNXQTTF-NACSPRHISA-N;transformation product;pesticide;fungicide;respiration inhibition;MZQ;LOQ;0,1;ESIpos;0,231622;0;0;0;0;0;4,657911;0;0
Trimethoprim;738-70-5;IEDVJHCEMCRBQM-UHFFFAOYSA-N;parent;pharmaceutical;antibiotic;folic acid biosynthesis inhibition;MZQ;MDL;2;ESIpos;0;0;0;0;0;0;0;0;63,973827
Triphenylphosphine oxide;791-28-6;FIQMHBFVRAXMOP-UHFFFAOYSA-N;parent;industrial;by-product;unknown;MZQ;MDL;1;ESIpos;0;0;0;0;131,371198;0;0;0;246,272965
Tylosin;1401-69-0;WBPYTXDJUQJLPQ-SZRMRBKTSA-N;parent;pharmaceutical;antibiotic;50S ribosome and inhibiting protein synthesis;MZQ;LOQ;20;ESIpos;0;0;0;0;7,630503;0;0;0;28,979035
Ursolic acid;77-52-1;WCGUUGGRBIKTOS-GPOJBZKASA-N;parent;pharmaceutical;cosmetics;unknown;Retro;LOQ;2,5;ESIpos;51,1;24,7;30,6;25,4;62;20;91,6;58,2;52,6
Valsartan;137862-53-4;ACWBQPMHZXGDFX-JOCHJYFZSA-N;parent;pharmaceutical;cardiovascular system;AT1 antagonist;MZQ;MDL;1;ESIneg;0;0;0;0;2,292339;0;0;0;149,428251
Verapamil;52-53-9;SGTNSNPWRIOYBX-UHFFFAOYSA-N;parent;pharmaceutical;cardiovascular system;calcium channel inhibition;MZQ;MDL;1;ESIpos;0;0;0;0;0;0;0;0;9,211674
Warfarin;81-81-2;PJVWKTKQMONHTI-UHFFFAOYSA-N;parent;pharmaceutical;anticoagulant;vitamin K biosynthesis inhibition;MZQ;LOQ;0,1;ESIpos;0;0;0;0;0;0;1,465099;0;0,821891